ID,UserID,Username,Name,Age,Gender, Occupation 
0,1,1,Id - 1,24,M, technician
1,2,2,Id - 2,53,F, other
2,3,3,Id - 3,23,M, writer
3,4,4,Id - 4,24,M, technician
4,5,5,Id - 5,33,F, other
5,6,6,Id - 6,42,M, executive
6,7,7,Id - 7,57,M, administrator
7,8,8,Id - 8,36,M, administrator
8,9,9,Id - 9,29,M, student
9,10,10,Id - 10,53,M, lawyer
10,11,11,Id - 11,39,F, other
11,12,12,Id - 12,28,F, other
12,13,13,Id - 13,47,M, educator
13,14,14,Id - 14,45,M, scientist
14,15,15,Id - 15,49,F, educator
15,16,16,Id - 16,21,M, entertainment
16,17,17,Id - 17,30,M, programmer
17,18,18,Id - 18,35,F, other
18,19,19,Id - 19,40,M, librarian
19,20,20,Id - 20,42,F, homemaker
20,21,21,Id - 21,26,M, writer
21,22,22,Id - 22,25,M, writer
22,23,23,Id - 23,30,F, artist
23,24,24,Id - 24,21,F, artist
24,25,25,Id - 25,39,M, engineer
25,26,26,Id - 26,49,M, engineer
26,27,27,Id - 27,40,F, librarian
27,28,28,Id - 28,32,M, writer
28,29,29,Id - 29,41,M, programmer
29,30,30,Id - 30,7,M, student
30,31,31,Id - 31,24,M, artist
31,32,32,Id - 32,28,F, student
32,33,33,Id - 33,23,M, student
33,34,34,Id - 34,38,F, administrator
34,35,35,Id - 35,20,F, homemaker
35,36,36,Id - 36,19,F, student
36,37,37,Id - 37,23,M, student
37,38,38,Id - 38,28,F, other
38,39,39,Id - 39,41,M, entertainment
39,40,40,Id - 40,38,M, scientist
40,41,41,Id - 41,33,M, engineer
41,42,42,Id - 42,30,M, administrator
42,43,43,Id - 43,29,F, librarian
43,44,44,Id - 44,26,M, technician
44,45,45,Id - 45,29,M, programmer
45,46,46,Id - 46,27,F, marketing
46,47,47,Id - 47,53,M, marketing
47,48,48,Id - 48,45,M, administrator
48,49,49,Id - 49,23,F, student
49,50,50,Id - 50,21,M, writer
50,51,51,Id - 51,28,M, educator
51,52,52,Id - 52,18,F, student
52,53,53,Id - 53,26,M, programmer
53,54,54,Id - 54,22,M, executive
54,55,55,Id - 55,37,M, programmer
55,56,56,Id - 56,25,M, librarian
56,57,57,Id - 57,16,M, none
57,58,58,Id - 58,27,M, programmer
58,59,59,Id - 59,49,M, educator
59,60,60,Id - 60,50,M, healthcare
60,61,61,Id - 61,36,M, engineer
61,62,62,Id - 62,27,F, administrator
62,63,63,Id - 63,31,M, marketing
63,64,64,Id - 64,32,M, educator
64,65,65,Id - 65,51,F, educator
65,66,66,Id - 66,23,M, student
66,67,67,Id - 67,17,M, student
67,68,68,Id - 68,19,M, student
68,69,69,Id - 69,24,M, engineer
69,70,70,Id - 70,27,M, engineer
70,71,71,Id - 71,39,M, scientist
71,72,72,Id - 72,48,F, administrator
72,73,73,Id - 73,24,M, student
73,74,74,Id - 74,39,M, scientist
74,75,75,Id - 75,24,M, entertainment
75,76,76,Id - 76,20,M, student
76,77,77,Id - 77,30,M, technician
77,78,78,Id - 78,26,M, administrator
78,79,79,Id - 79,39,F, administrator
79,80,80,Id - 80,34,F, administrator
80,81,81,Id - 81,21,M, student
81,82,82,Id - 82,50,M, programmer
82,83,83,Id - 83,40,M, other
83,84,84,Id - 84,32,M, executive
84,85,85,Id - 85,51,M, educator
85,86,86,Id - 86,26,M, administrator
86,87,87,Id - 87,47,M, administrator
87,88,88,Id - 88,49,F, librarian
88,89,89,Id - 89,43,F, administrator
89,90,90,Id - 90,60,M, educator
90,91,91,Id - 91,55,M, marketing
91,92,92,Id - 92,32,M, entertainment
92,93,93,Id - 93,48,M, executive
93,94,94,Id - 94,26,M, student
94,95,95,Id - 95,31,M, administrator
95,96,96,Id - 96,25,F, artist
96,97,97,Id - 97,43,M, artist
97,98,98,Id - 98,49,F, executive
98,99,99,Id - 99,20,M, student
99,100,100,Id - 100,36,M, executive
100,101,101,Id - 101,15,M, student
101,102,102,Id - 102,38,M, programmer
102,103,103,Id - 103,26,M, student
103,104,104,Id - 104,27,M, student
104,105,105,Id - 105,24,M, engineer
105,106,106,Id - 106,61,M, retired
106,107,107,Id - 107,39,M, scientist
107,108,108,Id - 108,44,M, educator
108,109,109,Id - 109,29,M, other
109,110,110,Id - 110,19,M, student
110,111,111,Id - 111,57,M, engineer
111,112,112,Id - 112,30,M, salesman
112,113,113,Id - 113,47,M, executive
113,114,114,Id - 114,27,M, programmer
114,115,115,Id - 115,31,M, engineer
115,116,116,Id - 116,40,M, healthcare
116,117,117,Id - 117,20,M, student
117,118,118,Id - 118,21,M, administrator
118,119,119,Id - 119,32,M, programmer
119,120,120,Id - 120,47,F, other
120,121,121,Id - 121,54,M, librarian
121,122,122,Id - 122,32,F, writer
122,123,123,Id - 123,48,F, artist
123,124,124,Id - 124,34,M, student
124,125,125,Id - 125,30,M, lawyer
125,126,126,Id - 126,28,F, lawyer
126,127,127,Id - 127,33,M, none
127,128,128,Id - 128,24,F, marketing
128,129,129,Id - 129,36,F, marketing
129,130,130,Id - 130,20,M, none
130,131,131,Id - 131,59,F, administrator
131,132,132,Id - 132,24,M, other
132,133,133,Id - 133,53,M, engineer
133,134,134,Id - 134,31,M, programmer
134,135,135,Id - 135,23,M, student
135,136,136,Id - 136,51,M, other
136,137,137,Id - 137,50,M, educator
137,138,138,Id - 138,46,M, doctor
138,139,139,Id - 139,20,M, student
139,140,140,Id - 140,30,F, student
140,141,141,Id - 141,49,M, programmer
141,142,142,Id - 142,13,M, other
142,143,143,Id - 143,42,M, technician
143,144,144,Id - 144,53,M, programmer
144,145,145,Id - 145,31,M, entertainment
145,146,146,Id - 146,45,M, artist
146,147,147,Id - 147,40,F, librarian
147,148,148,Id - 148,33,M, engineer
148,149,149,Id - 149,35,F, marketing
149,150,150,Id - 150,20,F, artist
150,151,151,Id - 151,38,F, administrator
151,152,152,Id - 152,33,F, educator
152,153,153,Id - 153,25,M, student
153,154,154,Id - 154,25,M, student
154,155,155,Id - 155,32,F, other
155,156,156,Id - 156,25,M, educator
156,157,157,Id - 157,57,M, engineer
157,158,158,Id - 158,50,M, educator
158,159,159,Id - 159,23,F, student
159,160,160,Id - 160,27,M, programmer
160,161,161,Id - 161,50,M, lawyer
161,162,162,Id - 162,25,M, artist
162,163,163,Id - 163,49,M, administrator
163,164,164,Id - 164,47,M, healthcare
164,165,165,Id - 165,20,F, other
165,166,166,Id - 166,47,M, educator
166,167,167,Id - 167,37,M, other
167,168,168,Id - 168,48,M, other
168,169,169,Id - 169,52,F, other
169,170,170,Id - 170,53,F, healthcare
170,171,171,Id - 171,48,F, educator
171,172,172,Id - 172,55,M, marketing
172,173,173,Id - 173,56,M, other
173,174,174,Id - 174,30,F, administrator
174,175,175,Id - 175,26,F, scientist
175,176,176,Id - 176,28,M, scientist
176,177,177,Id - 177,20,M, programmer
177,178,178,Id - 178,26,M, other
178,179,179,Id - 179,15,M, entertainment
179,180,180,Id - 180,22,F, administrator
180,181,181,Id - 181,26,M, executive
181,182,182,Id - 182,36,M, programmer
182,183,183,Id - 183,33,M, scientist
183,184,184,Id - 184,37,M, librarian
184,185,185,Id - 185,53,F, librarian
185,186,186,Id - 186,39,F, executive
186,187,187,Id - 187,26,M, educator
187,188,188,Id - 188,42,M, student
188,189,189,Id - 189,32,M, artist
189,190,190,Id - 190,30,M, administrator
190,191,191,Id - 191,33,M, administrator
191,192,192,Id - 192,42,M, educator
192,193,193,Id - 193,29,M, student
193,194,194,Id - 194,38,M, administrator
194,195,195,Id - 195,42,M, scientist
195,196,196,Id - 196,49,M, writer
196,197,197,Id - 197,55,M, technician
197,198,198,Id - 198,21,F, student
198,199,199,Id - 199,30,M, writer
199,200,200,Id - 200,40,M, programmer
200,201,201,Id - 201,27,M, writer
201,202,202,Id - 202,41,F, educator
202,203,203,Id - 203,25,F, student
203,204,204,Id - 204,52,F, librarian
204,205,205,Id - 205,47,M, lawyer
205,206,206,Id - 206,14,F, student
206,207,207,Id - 207,39,M, marketing
207,208,208,Id - 208,43,M, engineer
208,209,209,Id - 209,33,F, educator
209,210,210,Id - 210,39,M, engineer
210,211,211,Id - 211,66,M, salesman
211,212,212,Id - 212,49,F, educator
212,213,213,Id - 213,33,M, executive
213,214,214,Id - 214,26,F, librarian
214,215,215,Id - 215,35,M, programmer
215,216,216,Id - 216,22,M, engineer
216,217,217,Id - 217,22,M, other
217,218,218,Id - 218,37,M, administrator
218,219,219,Id - 219,32,M, programmer
219,220,220,Id - 220,30,M, librarian
220,221,221,Id - 221,19,M, student
221,222,222,Id - 222,29,M, programmer
222,223,223,Id - 223,19,F, student
223,224,224,Id - 224,31,F, educator
224,225,225,Id - 225,51,F, administrator
225,226,226,Id - 226,28,M, student
226,227,227,Id - 227,46,M, executive
227,228,228,Id - 228,21,F, student
228,229,229,Id - 229,29,F, librarian
229,230,230,Id - 230,28,F, student
230,231,231,Id - 231,48,M, librarian
231,232,232,Id - 232,45,M, scientist
232,233,233,Id - 233,38,M, engineer
233,234,234,Id - 234,60,M, retired
234,235,235,Id - 235,37,M, educator
235,236,236,Id - 236,44,F, writer
236,237,237,Id - 237,49,M, administrator
237,238,238,Id - 238,42,F, administrator
238,239,239,Id - 239,39,M, artist
239,240,240,Id - 240,23,F, educator
240,241,241,Id - 241,26,F, student
241,242,242,Id - 242,33,M, educator
242,243,243,Id - 243,33,M, educator
243,244,244,Id - 244,28,M, technician
244,245,245,Id - 245,22,M, student
245,246,246,Id - 246,19,M, student
246,247,247,Id - 247,28,M, engineer
247,248,248,Id - 248,25,M, student
248,249,249,Id - 249,25,M, student
249,250,250,Id - 250,29,M, executive
250,251,251,Id - 251,28,M, doctor
251,252,252,Id - 252,42,M, engineer
252,253,253,Id - 253,26,F, librarian
253,254,254,Id - 254,44,M, educator
254,255,255,Id - 255,23,M, entertainment
255,256,256,Id - 256,35,F, none
256,257,257,Id - 257,17,M, student
257,258,258,Id - 258,19,F, student
258,259,259,Id - 259,21,M, student
259,260,260,Id - 260,40,F, artist
260,261,261,Id - 261,28,M, administrator
261,262,262,Id - 262,19,F, student
262,263,263,Id - 263,41,M, programmer
263,264,264,Id - 264,36,F, writer
264,265,265,Id - 265,26,M, executive
265,266,266,Id - 266,62,F, administrator
266,267,267,Id - 267,23,M, engineer
267,268,268,Id - 268,24,M, engineer
268,269,269,Id - 269,31,F, librarian
269,270,270,Id - 270,18,F, student
270,271,271,Id - 271,51,M, engineer
271,272,272,Id - 272,33,M, scientist
272,273,273,Id - 273,50,F, other
273,274,274,Id - 274,20,F, student
274,275,275,Id - 275,38,M, engineer
275,276,276,Id - 276,21,M, student
276,277,277,Id - 277,35,F, administrator
277,278,278,Id - 278,37,F, librarian
278,279,279,Id - 279,33,M, programmer
279,280,280,Id - 280,30,F, librarian
280,281,281,Id - 281,15,F, student
281,282,282,Id - 282,22,M, administrator
282,283,283,Id - 283,28,M, programmer
283,284,284,Id - 284,40,M, executive
284,285,285,Id - 285,25,M, programmer
285,286,286,Id - 286,27,M, student
286,287,287,Id - 287,21,M, salesman
287,288,288,Id - 288,34,M, marketing
288,289,289,Id - 289,11,M, none
289,290,290,Id - 290,40,M, engineer
290,291,291,Id - 291,19,M, student
291,292,292,Id - 292,35,F, programmer
292,293,293,Id - 293,24,M, writer
293,294,294,Id - 294,34,M, technician
294,295,295,Id - 295,31,M, educator
295,296,296,Id - 296,43,F, administrator
296,297,297,Id - 297,29,F, educator
297,298,298,Id - 298,44,M, executive
298,299,299,Id - 299,29,M, doctor
299,300,300,Id - 300,26,F, programmer
300,301,301,Id - 301,24,M, student
301,302,302,Id - 302,42,M, educator
302,303,303,Id - 303,19,M, student
303,304,304,Id - 304,22,F, student
304,305,305,Id - 305,23,M, programmer
305,306,306,Id - 306,45,M, other
306,307,307,Id - 307,25,M, student
307,308,308,Id - 308,60,M, retired
308,309,309,Id - 309,40,M, scientist
309,310,310,Id - 310,37,M, educator
310,311,311,Id - 311,32,M, technician
311,312,312,Id - 312,48,M, other
312,313,313,Id - 313,41,M, marketing
313,314,314,Id - 314,20,F, student
314,315,315,Id - 315,31,M, educator
315,316,316,Id - 316,43,F, other
316,317,317,Id - 317,22,M, administrator
317,318,318,Id - 318,65,M, retired
318,319,319,Id - 319,38,M, programmer
319,320,320,Id - 320,19,M, student
320,321,321,Id - 321,49,F, educator
321,322,322,Id - 322,20,M, student
322,323,323,Id - 323,21,M, student
323,324,324,Id - 324,21,F, student
324,325,325,Id - 325,48,M, technician
325,326,326,Id - 326,41,M, administrator
326,327,327,Id - 327,22,M, student
327,328,328,Id - 328,51,M, administrator
328,329,329,Id - 329,48,M, educator
329,330,330,Id - 330,35,F, educator
330,331,331,Id - 331,33,M, entertainment
331,332,332,Id - 332,20,M, student
332,333,333,Id - 333,47,M, other
333,334,334,Id - 334,32,M, librarian
334,335,335,Id - 335,45,M, executive
335,336,336,Id - 336,23,M, salesman
336,337,337,Id - 337,37,M, scientist
337,338,338,Id - 338,39,F, librarian
338,339,339,Id - 339,35,M, lawyer
339,340,340,Id - 340,46,M, engineer
340,341,341,Id - 341,17,F, student
341,342,342,Id - 342,25,F, other
342,343,343,Id - 343,43,M, engineer
343,344,344,Id - 344,30,F, librarian
344,345,345,Id - 345,28,F, librarian
345,346,346,Id - 346,34,M, other
346,347,347,Id - 347,18,M, student
347,348,348,Id - 348,24,F, student
348,349,349,Id - 349,68,M, retired
349,350,350,Id - 350,32,M, student
350,351,351,Id - 351,61,M, educator
351,352,352,Id - 352,37,F, programmer
352,353,353,Id - 353,25,M, scientist
353,354,354,Id - 354,29,F, librarian
354,355,355,Id - 355,25,M, student
355,356,356,Id - 356,32,F, homemaker
356,357,357,Id - 357,26,M, executive
357,358,358,Id - 358,40,M, educator
358,359,359,Id - 359,22,M, student
359,360,360,Id - 360,51,M, other
360,361,361,Id - 361,22,M, student
361,362,362,Id - 362,35,F, homemaker
362,363,363,Id - 363,20,M, student
363,364,364,Id - 364,63,M, engineer
364,365,365,Id - 365,29,M, lawyer
365,366,366,Id - 366,20,F, student
366,367,367,Id - 367,17,M, student
367,368,368,Id - 368,18,M, student
368,369,369,Id - 369,24,M, student
369,370,370,Id - 370,52,M, writer
370,371,371,Id - 371,36,M, engineer
371,372,372,Id - 372,25,F, student
372,373,373,Id - 373,24,F, other
373,374,374,Id - 374,36,M, executive
374,375,375,Id - 375,17,M, entertainment
375,376,376,Id - 376,28,F, other
376,377,377,Id - 377,22,M, student
377,378,378,Id - 378,35,M, student
378,379,379,Id - 379,44,M, programmer
379,380,380,Id - 380,32,M, engineer
380,381,381,Id - 381,33,M, artist
381,382,382,Id - 382,45,M, engineer
382,383,383,Id - 383,42,M, administrator
383,384,384,Id - 384,52,M, programmer
384,385,385,Id - 385,36,M, writer
385,386,386,Id - 386,36,M, salesman
386,387,387,Id - 387,33,M, entertainment
387,388,388,Id - 388,31,M, other
388,389,389,Id - 389,44,F, writer
389,390,390,Id - 390,42,F, writer
390,391,391,Id - 391,23,M, student
391,392,392,Id - 392,52,M, writer
392,393,393,Id - 393,19,M, student
393,394,394,Id - 394,25,M, administrator
394,395,395,Id - 395,43,M, other
395,396,396,Id - 396,57,M, engineer
396,397,397,Id - 397,17,M, student
397,398,398,Id - 398,40,M, other
398,399,399,Id - 399,25,M, other
399,400,400,Id - 400,33,F, administrator
400,401,401,Id - 401,46,F, healthcare
401,402,402,Id - 402,30,M, engineer
402,403,403,Id - 403,37,M, other
403,404,404,Id - 404,29,F, programmer
404,405,405,Id - 405,22,F, healthcare
405,406,406,Id - 406,52,M, educator
406,407,407,Id - 407,29,M, engineer
407,408,408,Id - 408,23,M, student
408,409,409,Id - 409,48,M, administrator
409,410,410,Id - 410,30,F, artist
410,411,411,Id - 411,34,M, educator
411,412,412,Id - 412,25,M, educator
412,413,413,Id - 413,55,M, educator
413,414,414,Id - 414,24,M, programmer
414,415,415,Id - 415,39,M, educator
415,416,416,Id - 416,20,F, student
416,417,417,Id - 417,27,F, other
417,418,418,Id - 418,55,F, none
418,419,419,Id - 419,37,M, lawyer
419,420,420,Id - 420,53,M, educator
420,421,421,Id - 421,38,F, programmer
421,422,422,Id - 422,26,M, entertainment
422,423,423,Id - 423,64,M, other
423,424,424,Id - 424,36,F, marketing
424,425,425,Id - 425,19,M, student
425,426,426,Id - 426,55,M, educator
426,427,427,Id - 427,51,M, doctor
427,428,428,Id - 428,28,M, student
428,429,429,Id - 429,27,M, student
429,430,430,Id - 430,38,M, scientist
430,431,431,Id - 431,24,M, marketing
431,432,432,Id - 432,22,M, entertainment
432,433,433,Id - 433,27,M, artist
433,434,434,Id - 434,16,F, student
434,435,435,Id - 435,24,M, engineer
435,436,436,Id - 436,30,F, administrator
436,437,437,Id - 437,27,F, other
437,438,438,Id - 438,51,F, administrator
438,439,439,Id - 439,23,F, administrator
439,440,440,Id - 440,30,M, other
440,441,441,Id - 441,50,M, technician
441,442,442,Id - 442,22,M, student
442,443,443,Id - 443,35,M, salesman
443,444,444,Id - 444,51,F, lawyer
444,445,445,Id - 445,21,M, writer
445,446,446,Id - 446,57,M, educator
446,447,447,Id - 447,30,M, administrator
447,448,448,Id - 448,23,M, entertainment
448,449,449,Id - 449,23,M, librarian
449,450,450,Id - 450,35,F, educator
450,451,451,Id - 451,16,M, student
451,452,452,Id - 452,35,M, administrator
452,453,453,Id - 453,18,M, student
453,454,454,Id - 454,57,M, other
454,455,455,Id - 455,48,M, administrator
455,456,456,Id - 456,24,M, technician
456,457,457,Id - 457,33,F, salesman
457,458,458,Id - 458,47,M, technician
458,459,459,Id - 459,22,M, student
459,460,460,Id - 460,44,F, other
460,461,461,Id - 461,15,M, student
461,462,462,Id - 462,19,F, student
462,463,463,Id - 463,48,F, healthcare
463,464,464,Id - 464,60,M, writer
464,465,465,Id - 465,32,M, other
465,466,466,Id - 466,22,M, student
466,467,467,Id - 467,29,M, engineer
467,468,468,Id - 468,28,M, engineer
468,469,469,Id - 469,60,M, educator
469,470,470,Id - 470,24,M, programmer
470,471,471,Id - 471,10,M, student
471,472,472,Id - 472,24,M, student
472,473,473,Id - 473,29,M, student
473,474,474,Id - 474,51,M, executive
474,475,475,Id - 475,30,M, programmer
475,476,476,Id - 476,28,M, student
476,477,477,Id - 477,23,F, student
477,478,478,Id - 478,29,M, other
478,479,479,Id - 479,30,M, educator
479,480,480,Id - 480,57,M, retired
480,481,481,Id - 481,73,M, retired
481,482,482,Id - 482,18,F, student
482,483,483,Id - 483,29,M, scientist
483,484,484,Id - 484,27,M, student
484,485,485,Id - 485,44,F, educator
485,486,486,Id - 486,39,M, educator
486,487,487,Id - 487,22,M, engineer
487,488,488,Id - 488,48,M, technician
488,489,489,Id - 489,55,M, other
489,490,490,Id - 490,29,F, artist
490,491,491,Id - 491,43,F, writer
491,492,492,Id - 492,57,M, educator
492,493,493,Id - 493,22,M, engineer
493,494,494,Id - 494,38,F, administrator
494,495,495,Id - 495,29,M, engineer
495,496,496,Id - 496,21,F, student
496,497,497,Id - 497,20,M, student
497,498,498,Id - 498,26,M, writer
498,499,499,Id - 499,42,M, programmer
499,500,500,Id - 500,28,M, administrator
500,501,501,Id - 501,22,M, student
501,502,502,Id - 502,22,M, student
502,503,503,Id - 503,50,F, writer
503,504,504,Id - 504,40,F, writer
504,505,505,Id - 505,27,F, other
505,506,506,Id - 506,46,M, programmer
506,507,507,Id - 507,18,F, writer
507,508,508,Id - 508,27,M, marketing
508,509,509,Id - 509,23,M, administrator
509,510,510,Id - 510,34,M, other
510,511,511,Id - 511,22,M, student
511,512,512,Id - 512,29,M, other
512,513,513,Id - 513,43,M, administrator
513,514,514,Id - 514,27,M, programmer
514,515,515,Id - 515,53,M, marketing
515,516,516,Id - 516,53,F, librarian
516,517,517,Id - 517,24,M, student
517,518,518,Id - 518,49,F, writer
518,519,519,Id - 519,22,M, other
519,520,520,Id - 520,62,M, healthcare
520,521,521,Id - 521,19,M, student
521,522,522,Id - 522,36,M, engineer
522,523,523,Id - 523,50,F, administrator
523,524,524,Id - 524,56,M, educator
524,525,525,Id - 525,27,F, administrator
525,526,526,Id - 526,30,M, marketing
526,527,527,Id - 527,33,M, librarian
527,528,528,Id - 528,18,M, student
528,529,529,Id - 529,47,F, administrator
529,530,530,Id - 530,29,M, engineer
530,531,531,Id - 531,30,F, salesman
531,532,532,Id - 532,20,M, student
532,533,533,Id - 533,43,M, librarian
533,534,534,Id - 534,20,M, student
534,535,535,Id - 535,45,F, educator
535,536,536,Id - 536,38,M, engineer
536,537,537,Id - 537,36,M, engineer
537,538,538,Id - 538,31,M, scientist
538,539,539,Id - 539,53,F, administrator
539,540,540,Id - 540,28,M, engineer
540,541,541,Id - 541,19,F, student
541,542,542,Id - 542,21,M, student
542,543,543,Id - 543,33,M, scientist
543,544,544,Id - 544,44,F, other
544,545,545,Id - 545,27,M, technician
545,546,546,Id - 546,36,M, executive
546,547,547,Id - 547,50,M, educator
547,548,548,Id - 548,51,M, writer
548,549,549,Id - 549,42,M, scientist
549,550,550,Id - 550,16,F, student
550,551,551,Id - 551,25,M, programmer
551,552,552,Id - 552,45,M, other
552,553,553,Id - 553,58,M, educator
553,554,554,Id - 554,32,M, scientist
554,555,555,Id - 555,29,F, educator
555,556,556,Id - 556,35,F, educator
556,557,557,Id - 557,30,F, writer
557,558,558,Id - 558,56,F, writer
558,559,559,Id - 559,69,M, executive
559,560,560,Id - 560,32,M, student
560,561,561,Id - 561,23,M, engineer
561,562,562,Id - 562,54,F, administrator
562,563,563,Id - 563,39,F, librarian
563,564,564,Id - 564,65,M, retired
564,565,565,Id - 565,40,M, student
565,566,566,Id - 566,20,M, student
566,567,567,Id - 567,24,M, entertainment
567,568,568,Id - 568,39,M, educator
568,569,569,Id - 569,34,M, educator
569,570,570,Id - 570,26,M, educator
570,571,571,Id - 571,34,M, artist
571,572,572,Id - 572,51,M, educator
572,573,573,Id - 573,68,M, retired
573,574,574,Id - 574,56,M, educator
574,575,575,Id - 575,33,M, marketing
575,576,576,Id - 576,48,M, executive
576,577,577,Id - 577,36,F, student
577,578,578,Id - 578,31,M, administrator
578,579,579,Id - 579,32,M, educator
579,580,580,Id - 580,16,M, student
580,581,581,Id - 581,37,M, other
581,582,582,Id - 582,17,M, student
582,583,583,Id - 583,44,M, engineer
583,584,584,Id - 584,25,M, student
584,585,585,Id - 585,69,M, librarian
585,586,586,Id - 586,20,M, student
586,587,587,Id - 587,26,M, other
587,588,588,Id - 588,18,F, student
588,589,589,Id - 589,21,M, lawyer
589,590,590,Id - 590,50,M, educator
590,591,591,Id - 591,57,F, librarian
591,592,592,Id - 592,18,M, student
592,593,593,Id - 593,31,F, educator
593,594,594,Id - 594,46,M, educator
594,595,595,Id - 595,25,M, programmer
595,596,596,Id - 596,20,M, artist
596,597,597,Id - 597,23,M, other
597,598,598,Id - 598,40,F, marketing
598,599,599,Id - 599,22,F, student
599,600,600,Id - 600,34,M, programmer
600,601,601,Id - 601,19,F, artist
601,602,602,Id - 602,47,F, other
602,603,603,Id - 603,21,M, programmer
603,604,604,Id - 604,39,M, educator
604,605,605,Id - 605,33,M, engineer
605,606,606,Id - 606,28,M, programmer
606,607,607,Id - 607,49,F, healthcare
607,608,608,Id - 608,22,M, other
608,609,609,Id - 609,13,F, student
609,610,610,Id - 610,22,M, student
610,611,611,Id - 611,46,M, librarian
611,612,612,Id - 612,36,M, educator
612,613,613,Id - 613,37,F, marketing
613,614,614,Id - 614,54,M, educator
614,615,615,Id - 615,38,M, educator
615,616,616,Id - 616,55,M, scientist
616,617,617,Id - 617,27,F, writer
617,618,618,Id - 618,15,F, student
618,619,619,Id - 619,17,M, student
619,620,620,Id - 620,18,F, writer
620,621,621,Id - 621,17,M, student
621,622,622,Id - 622,25,M, programmer
622,623,623,Id - 623,50,F, educator
623,624,624,Id - 624,19,M, student
624,625,625,Id - 625,27,M, programmer
625,626,626,Id - 626,23,M, scientist
626,627,627,Id - 627,24,M, engineer
627,628,628,Id - 628,13,M, none
628,629,629,Id - 629,46,F, other
629,630,630,Id - 630,26,F, healthcare
630,631,631,Id - 631,18,F, student
631,632,632,Id - 632,18,M, student
632,633,633,Id - 633,35,M, programmer
633,634,634,Id - 634,39,M, engineer
634,635,635,Id - 635,22,M, other
635,636,636,Id - 636,47,M, educator
636,637,637,Id - 637,30,M, other
637,638,638,Id - 638,45,M, engineer
638,639,639,Id - 639,42,F, librarian
639,640,640,Id - 640,20,M, student
640,641,641,Id - 641,24,M, student
641,642,642,Id - 642,18,F, student
642,643,643,Id - 643,39,M, scientist
643,644,644,Id - 644,51,M, retired
644,645,645,Id - 645,27,M, programmer
645,646,646,Id - 646,17,F, student
646,647,647,Id - 647,40,M, educator
647,648,648,Id - 648,43,M, engineer
648,649,649,Id - 649,20,M, student
649,650,650,Id - 650,42,M, engineer
650,651,651,Id - 651,65,M, retired
651,652,652,Id - 652,35,M, other
652,653,653,Id - 653,31,M, executive
653,654,654,Id - 654,27,F, student
654,655,655,Id - 655,50,F, healthcare
655,656,656,Id - 656,48,M, educator
656,657,657,Id - 657,26,F, none
657,658,658,Id - 658,33,M, programmer
658,659,659,Id - 659,31,M, educator
659,660,660,Id - 660,26,M, student
660,661,661,Id - 661,28,M, programmer
661,662,662,Id - 662,55,M, librarian
662,663,663,Id - 663,26,M, other
663,664,664,Id - 664,30,M, engineer
664,665,665,Id - 665,25,M, administrator
665,666,666,Id - 666,44,M, administrator
666,667,667,Id - 667,35,M, librarian
667,668,668,Id - 668,29,F, writer
668,669,669,Id - 669,37,M, other
669,670,670,Id - 670,30,M, technician
670,671,671,Id - 671,21,M, programmer
671,672,672,Id - 672,54,F, administrator
672,673,673,Id - 673,51,M, educator
673,674,674,Id - 674,13,F, student
674,675,675,Id - 675,34,M, other
675,676,676,Id - 676,30,M, programmer
676,677,677,Id - 677,20,M, other
677,678,678,Id - 678,50,M, educator
678,679,679,Id - 679,20,F, student
679,680,680,Id - 680,33,M, lawyer
680,681,681,Id - 681,44,F, marketing
681,682,682,Id - 682,23,M, programmer
682,683,683,Id - 683,42,M, librarian
683,684,684,Id - 684,28,M, student
684,685,685,Id - 685,32,F, librarian
685,686,686,Id - 686,32,M, educator
686,687,687,Id - 687,31,F, healthcare
687,688,688,Id - 688,37,F, administrator
688,689,689,Id - 689,25,M, other
689,690,690,Id - 690,35,M, salesman
690,691,691,Id - 691,34,M, educator
691,692,692,Id - 692,34,M, engineer
692,693,693,Id - 693,43,F, healthcare
693,694,694,Id - 694,60,M, programmer
694,695,695,Id - 695,26,M, writer
695,696,696,Id - 696,55,M, other
696,697,697,Id - 697,25,M, other
697,698,698,Id - 698,28,F, programmer
698,699,699,Id - 699,44,M, other
699,700,700,Id - 700,17,M, student
700,701,701,Id - 701,51,F, librarian
701,702,702,Id - 702,37,M, other
702,703,703,Id - 703,26,M, educator
703,704,704,Id - 704,51,F, librarian
704,705,705,Id - 705,21,F, student
705,706,706,Id - 706,23,M, student
706,707,707,Id - 707,56,F, librarian
707,708,708,Id - 708,26,F, homemaker
708,709,709,Id - 709,21,M, other
709,710,710,Id - 710,19,M, student
710,711,711,Id - 711,22,F, student
711,712,712,Id - 712,22,F, student
712,713,713,Id - 713,42,F, other
713,714,714,Id - 714,26,M, engineer
714,715,715,Id - 715,21,M, technician
715,716,716,Id - 716,36,F, administrator
716,717,717,Id - 717,24,M, technician
717,718,718,Id - 718,42,M, technician
718,719,719,Id - 719,37,F, other
719,720,720,Id - 720,49,F, administrator
720,721,721,Id - 721,24,F, entertainment
721,722,722,Id - 722,50,F, homemaker
722,723,723,Id - 723,26,M, executive
723,724,724,Id - 724,31,M, executive
724,725,725,Id - 725,21,M, student
725,726,726,Id - 726,25,F, administrator
726,727,727,Id - 727,25,M, student
727,728,728,Id - 728,58,M, executive
728,729,729,Id - 729,19,M, student
729,730,730,Id - 730,31,F, scientist
730,731,731,Id - 731,41,F, educator
731,732,732,Id - 732,28,F, other
732,733,733,Id - 733,44,F, other
733,734,734,Id - 734,25,F, other
734,735,735,Id - 735,29,F, healthcare
735,736,736,Id - 736,48,F, writer
736,737,737,Id - 737,30,M, programmer
737,738,738,Id - 738,35,M, technician
738,739,739,Id - 739,35,M, technician
739,740,740,Id - 740,25,F, educator
740,741,741,Id - 741,25,M, writer
741,742,742,Id - 742,35,M, student
742,743,743,Id - 743,31,M, programmer
743,744,744,Id - 744,35,M, marketing
744,745,745,Id - 745,42,M, writer
745,746,746,Id - 746,25,M, engineer
746,747,747,Id - 747,19,M, other
747,748,748,Id - 748,28,M, administrator
748,749,749,Id - 749,33,M, other
749,750,750,Id - 750,28,M, administrator
750,751,751,Id - 751,24,F, other
751,752,752,Id - 752,60,M, retired
752,753,753,Id - 753,56,M, salesman
753,754,754,Id - 754,59,F, librarian
754,755,755,Id - 755,44,F, educator
755,756,756,Id - 756,30,F, none
756,757,757,Id - 757,26,M, student
757,758,758,Id - 758,27,M, student
758,759,759,Id - 759,20,F, student
759,760,760,Id - 760,35,F, other
760,761,761,Id - 761,17,M, student
761,762,762,Id - 762,32,M, administrator
762,763,763,Id - 763,27,M, scientist
763,764,764,Id - 764,27,F, educator
764,765,765,Id - 765,31,M, student
765,766,766,Id - 766,42,M, other
766,767,767,Id - 767,70,M, engineer
767,768,768,Id - 768,29,M, administrator
768,769,769,Id - 769,39,M, executive
769,770,770,Id - 770,28,M, student
770,771,771,Id - 771,26,M, student
771,772,772,Id - 772,50,M, writer
772,773,773,Id - 773,20,M, student
773,774,774,Id - 774,30,M, student
774,775,775,Id - 775,46,M, executive
775,776,776,Id - 776,30,M, librarian
776,777,777,Id - 777,63,M, programmer
777,778,778,Id - 778,34,M, student
778,779,779,Id - 779,31,M, student
779,780,780,Id - 780,49,M, programmer
780,781,781,Id - 781,20,M, student
781,782,782,Id - 782,21,F, artist
782,783,783,Id - 783,30,M, marketing
783,784,784,Id - 784,47,M, administrator
784,785,785,Id - 785,32,M, engineer
785,786,786,Id - 786,36,F, engineer
786,787,787,Id - 787,18,F, student
787,788,788,Id - 788,51,M, administrator
788,789,789,Id - 789,29,M, other
789,790,790,Id - 790,27,M, technician
790,791,791,Id - 791,31,M, educator
791,792,792,Id - 792,40,M, programmer
792,793,793,Id - 793,22,M, student
793,794,794,Id - 794,32,M, educator
794,795,795,Id - 795,30,M, programmer
795,796,796,Id - 796,32,F, writer
796,797,797,Id - 797,44,F, other
797,798,798,Id - 798,40,F, writer
798,799,799,Id - 799,49,F, administrator
799,800,800,Id - 800,25,M, programmer
800,801,801,Id - 801,22,M, writer
801,802,802,Id - 802,35,M, administrator
802,803,803,Id - 803,70,M, administrator
803,804,804,Id - 804,39,M, educator
804,805,805,Id - 805,27,F, other
805,806,806,Id - 806,27,M, marketing
806,807,807,Id - 807,41,F, healthcare
807,808,808,Id - 808,45,M, salesman
808,809,809,Id - 809,50,F, marketing
809,810,810,Id - 810,55,F, other
810,811,811,Id - 811,40,F, educator
811,812,812,Id - 812,22,M, technician
812,813,813,Id - 813,14,F, student
813,814,814,Id - 814,30,M, other
814,815,815,Id - 815,32,M, other
815,816,816,Id - 816,34,M, other
816,817,817,Id - 817,19,M, student
817,818,818,Id - 818,28,M, librarian
818,819,819,Id - 819,59,M, administrator
819,820,820,Id - 820,22,M, student
820,821,821,Id - 821,37,M, engineer
821,822,822,Id - 822,29,F, librarian
822,823,823,Id - 823,27,M, artist
823,824,824,Id - 824,31,M, other
824,825,825,Id - 825,44,M, engineer
825,826,826,Id - 826,28,M, artist
826,827,827,Id - 827,23,F, engineer
827,828,828,Id - 828,28,M, librarian
828,829,829,Id - 829,48,M, writer
829,830,830,Id - 830,46,M, programmer
830,831,831,Id - 831,21,M, other
831,832,832,Id - 832,24,M, technician
832,833,833,Id - 833,34,M, writer
833,834,834,Id - 834,26,M, other
834,835,835,Id - 835,44,F, executive
835,836,836,Id - 836,44,M, artist
836,837,837,Id - 837,36,F, artist
837,838,838,Id - 838,23,M, student
838,839,839,Id - 839,38,F, entertainment
839,840,840,Id - 840,39,M, artist
840,841,841,Id - 841,45,M, doctor
841,842,842,Id - 842,40,M, writer
842,843,843,Id - 843,35,M, librarian
843,844,844,Id - 844,22,M, engineer
844,845,845,Id - 845,64,M, doctor
845,846,846,Id - 846,27,M, lawyer
846,847,847,Id - 847,29,M, student
847,848,848,Id - 848,46,M, engineer
848,849,849,Id - 849,15,F, student
849,850,850,Id - 850,34,M, technician
850,851,851,Id - 851,18,M, other
851,852,852,Id - 852,46,M, administrator
852,853,853,Id - 853,49,M, writer
853,854,854,Id - 854,29,F, student
854,855,855,Id - 855,53,M, librarian
855,856,856,Id - 856,43,F, marketing
856,857,857,Id - 857,35,F, administrator
857,858,858,Id - 858,63,M, educator
858,859,859,Id - 859,18,F, other
859,860,860,Id - 860,70,F, retired
860,861,861,Id - 861,38,F, student
861,862,862,Id - 862,25,M, executive
862,863,863,Id - 863,17,M, student
863,864,864,Id - 864,27,M, programmer
864,865,865,Id - 865,25,M, artist
865,866,866,Id - 866,45,M, other
866,867,867,Id - 867,24,M, scientist
867,868,868,Id - 868,21,M, programmer
868,869,869,Id - 869,30,M, student
869,870,870,Id - 870,22,M, student
870,871,871,Id - 871,31,M, executive
871,872,872,Id - 872,19,F, student
872,873,873,Id - 873,48,F, administrator
873,874,874,Id - 874,36,M, scientist
874,875,875,Id - 875,24,F, student
875,876,876,Id - 876,41,M, other
876,877,877,Id - 877,30,M, other
877,878,878,Id - 878,50,F, educator
878,879,879,Id - 879,33,F, administrator
879,880,880,Id - 880,13,M, student
880,881,881,Id - 881,39,M, marketing
881,882,882,Id - 882,35,M, engineer
882,883,883,Id - 883,49,M, librarian
883,884,884,Id - 884,44,M, engineer
884,885,885,Id - 885,30,F, other
885,886,886,Id - 886,20,M, student
886,887,887,Id - 887,14,F, student
887,888,888,Id - 888,41,M, scientist
888,889,889,Id - 889,24,M, technician
889,890,890,Id - 890,32,M, student
890,891,891,Id - 891,51,F, administrator
891,892,892,Id - 892,36,M, other
892,893,893,Id - 893,25,M, student
893,894,894,Id - 894,47,M, educator
894,895,895,Id - 895,31,F, librarian
895,896,896,Id - 896,28,M, writer
896,897,897,Id - 897,30,M, other
897,898,898,Id - 898,23,M, homemaker
898,899,899,Id - 899,32,M, other
899,900,900,Id - 900,60,M, retired
900,901,901,Id - 901,38,M, executive
901,902,902,Id - 902,45,F, artist
902,903,903,Id - 903,28,M, educator
903,904,904,Id - 904,17,F, student
904,905,905,Id - 905,27,M, other
905,906,906,Id - 906,45,M, librarian
906,907,907,Id - 907,25,F, other
907,908,908,Id - 908,44,F, librarian
908,909,909,Id - 909,50,F, educator
909,910,910,Id - 910,28,M, healthcare
910,911,911,Id - 911,37,F, writer
911,912,912,Id - 912,51,M, other
912,913,913,Id - 913,27,M, student
913,914,914,Id - 914,44,F, other
914,915,915,Id - 915,50,M, entertainment
915,916,916,Id - 916,27,M, engineer
916,917,917,Id - 917,22,F, student
917,918,918,Id - 918,40,M, scientist
918,919,919,Id - 919,25,M, other
919,920,920,Id - 920,30,F, artist
920,921,921,Id - 921,20,F, student
921,922,922,Id - 922,29,F, administrator
922,923,923,Id - 923,21,M, student
923,924,924,Id - 924,29,M, other
924,925,925,Id - 925,18,F, salesman
925,926,926,Id - 926,49,M, entertainment
926,927,927,Id - 927,23,M, programmer
927,928,928,Id - 928,21,M, student
928,929,929,Id - 929,44,M, scientist
929,930,930,Id - 930,28,F, scientist
930,931,931,Id - 931,60,M, educator
931,932,932,Id - 932,58,M, educator
932,933,933,Id - 933,28,M, student
933,934,934,Id - 934,61,M, engineer
934,935,935,Id - 935,42,M, doctor
935,936,936,Id - 936,24,M, other
936,937,937,Id - 937,48,M, educator
937,938,938,Id - 938,38,F, technician
938,939,939,Id - 939,26,F, student
939,940,940,Id - 940,32,M, administrator
940,941,941,Id - 941,20,M, student
941,942,942,Id - 942,48,F, librarian
942,943,943,Id - 943,22,M, student
